file_tag,date,sample,CL,treatment,medium
sample1,20181217,sample01,BE(2)-C,DMSO,Control
sample2,20181217,sample02,BE(2)-C,DMSO,Control
sample3,20181217,sample03,BE(2)-C,DMSO,Control
sample4,20181217,sample10,BE(2)-C,DMSO,Serine_starved
sample5,20181217,sample11,BE(2)-C,DMSO,Serine_starved
sample6,20181217,sample12,BE(2)-C,DMSO,Serine_starved
sample7,20181217,sample16,BE(2)-C,NCT503,Control
sample8,20181217,sample17,BE(2)-C,NCT503,Control
sample9,20181217,sample18,BE(2)-C,NCT503,Control
sample10,20181217,sample19,BE(2)-C,inactiveNCT503,Control
sample11,20181217,sample20,BE(2)-C,inactiveNCT503,Control
sample12,20181217,sample21,BE(2)-C,inactiveNCT503,Control
sample13,20181217,sample22,BE(2)-C,P2101,Control
sample14,20181217,sample23,BE(2)-C,P2101,Control
sample15,20181217,sample24,BE(2)-C,P2101,Control
sample16,20181217,sample25,BE(2)-C,NCT503,Serine_starved
sample17,20181217,sample26,BE(2)-C,NCT503,Serine_starved
sample18,20181217,sample27,BE(2)-C,NCT503,Serine_starved
sample19,20181217,sample28,BE(2)-C,inactiveNCT503,Serine_starved
sample20,20181217,sample29,BE(2)-C,inactiveNCT503,Serine_starved
sample21,20181217,sample30,BE(2)-C,inactiveNCT503,Serine_starved
sample22,20181217,sample31,BE(2)-C,P2101,Serine_starved
sample23,20181217,sample32,BE(2)-C,P2101,Serine_starved
sample24,20181217,sample33,BE(2)-C,P2101,Serine_starved
sample23repeat,20181218,sample32_repeat,BE(2)-C,P2101,Serine_starved
sample1,20181218,sample34,SH-EP,DMSO,Control
sample2,20181218,sample35,SH-EP,DMSO,Control
sample3,20181218,sample36,SH-EP,DMSO,Control
sample5,20181218,sample44,SH-EP,DMSO,Serine_starved
sample6,20181218,sample45,SH-EP,DMSO,Serine_starved
sample4,20181218,sample46,SH-EP,DMSO,Serine_starved
sample7,20181218,sample52,SH-EP,NCT503,Control
sample8,20181218,sample53,SH-EP,NCT503,Control
sample9,20181218,sample54,SH-EP,NCT503,Control
sample10,20181218,sample55,SH-EP,inactiveNCT503,Control
sample11,20181218,sample56,SH-EP,inactiveNCT503,Control
sample12,20181218,sample57,SH-EP,inactiveNCT503,Control
sample13,20181218,sample58,SH-EP,P2101,Control
sample22,20181218,sample59,SH-EP,P2101,Control
sample23,20181218,sample60,SH-EP,P2101,Control
sample24,20181218,sample61,SH-EP,NCT503,Serine_starved
sample14,20181218,sample62,SH-EP,NCT503,Serine_starved
sample15,20181218,sample63,SH-EP,NCT503,Serine_starved
sample16,20181218,sample64,SH-EP,inactiveNCT503,Serine_starved
sample17,20181218,sample65,SH-EP,inactiveNCT503,Serine_starved
sample18,20181218,sample66,SH-EP,inactiveNCT503,Serine_starved
sample19,20181218,sample67,SH-EP,P2101,Serine_starved
sample20,20181218,sample68,SH-EP,P2101,Serine_starved
sample21,20181218,sample69,SH-EP,P2101,Serine_starved
